"Step","CartPole_env_reward_99_MIDI3_tmux1 - global_step","CartPole_env_reward_99_MIDI3_tmux1 - global_step__MIN","CartPole_env_reward_99_MIDI3_tmux1 - global_step__MAX","CartPole_env_reward_20240422_232316 - global_step","CartPole_env_reward_20240422_232316 - global_step__MIN","CartPole_env_reward_20240422_232316 - global_step__MAX"
"0","6400","6400","6400","6400","6400","6400"
"1","12800","12800","12800","12800","12800","12800"
"2","19200","19200","19200","19200","19200","19200"
"3","25600","25600","25600","25600","25600","25600"
"4","32000","32000","32000","32000","32000","32000"
"5","38400","38400","38400","38400","38400","38400"
"6","44800","44800","44800","44800","44800","44800"
"7","51200","51200","51200","51200","51200","51200"
"8","57600","57600","57600","57600","57600","57600"
"9","64000","64000","64000","64000","64000","64000"
"10","70400","70400","70400","70400","70400","70400"
"11","76800","76800","76800","76800","76800","76800"
"12","83200","83200","83200","83200","83200","83200"
"13","89600","89600","89600","89600","89600","89600"
"14","96000","96000","96000","96000","96000","96000"
"15","102400","102400","102400","102400","102400","102400"
"16","108800","108800","108800","108800","108800","108800"
"17","115200","115200","115200","115200","115200","115200"
"18","121600","121600","121600","121600","121600","121600"
"19","128000","128000","128000","128000","128000","128000"
"20","134400","134400","134400","134400","134400","134400"
"21","140800","140800","140800","140800","140800","140800"
"22","147200","147200","147200","147200","147200","147200"
"23","153600","153600","153600","153600","153600","153600"
"24","160000","160000","160000","160000","160000","160000"
"25","166400","166400","166400","166400","166400","166400"
"26","172800","172800","172800","172800","172800","172800"
"27","179200","179200","179200","179200","179200","179200"
"28","185600","185600","185600","185600","185600","185600"
"29","192000","192000","192000","192000","192000","192000"
"30","198400","198400","198400","198400","198400","198400"
"31","204800","204800","204800","204800","204800","204800"
"32","211200","211200","211200","211200","211200","211200"
"33","217600","217600","217600","217600","217600","217600"
"34","224000","224000","224000","224000","224000","224000"
"35","230400","230400","230400","230400","230400","230400"
"36","236800","236800","236800","236800","236800","236800"
"37","243200","243200","243200","243200","243200","243200"
"38","249600","249600","249600","249600","249600","249600"
"39","256000","256000","256000","256000","256000","256000"
"40","262400","262400","262400","262400","262400","262400"
"41","268800","268800","268800","268800","268800","268800"
"42","275200","275200","275200","275200","275200","275200"
"43","281600","281600","281600","281600","281600","281600"
"44","288000","288000","288000","288000","288000","288000"
"45","294400","294400","294400","294400","294400","294400"
"46","300800","300800","300800","300800","300800","300800"
"47","307200","307200","307200","307200","307200","307200"
"48","313600","313600","313600","313600","313600","313600"
"49","320000","320000","320000","320000","320000","320000"
"50","326400","326400","326400","326400","326400","326400"
"51","332800","332800","332800","332800","332800","332800"
"52","339200","339200","339200","339200","339200","339200"
"53","345600","345600","345600","345600","345600","345600"
"54","352000","352000","352000","352000","352000","352000"
"55","358400","358400","358400","358400","358400","358400"
"56","364800","364800","364800","364800","364800","364800"
"57","371200","371200","371200","371200","371200","371200"
"58","377600","377600","377600","377600","377600","377600"
"59","384000","384000","384000","384000","384000","384000"
"60","390400","390400","390400","390400","390400","390400"
"61","396800","396800","396800","396800","396800","396800"
"62","403200","403200","403200","403200","403200","403200"
"63","409600","409600","409600","409600","409600","409600"
"64","416000","416000","416000","416000","416000","416000"
"65","422400","422400","422400","422400","422400","422400"
"66","428800","428800","428800","428800","428800","428800"
"67","435200","435200","435200","435200","435200","435200"
"68","441600","441600","441600","441600","441600","441600"
"69","448000","448000","448000","448000","448000","448000"
"70","454400","454400","454400","454400","454400","454400"
"71","460800","460800","460800","460800","460800","460800"
"72","467200","467200","467200","467200","467200","467200"
"73","473600","473600","473600","473600","473600","473600"
"74","480000","480000","480000","480000","480000","480000"
"75","486400","486400","486400","486400","486400","486400"
"76","492800","492800","492800","492800","492800","492800"
"77","499200","499200","499200","499200","499200","499200"
"78","505600","505600","505600","505600","505600","505600"
"79","512000","512000","512000","512000","512000","512000"
"80","518400","518400","518400","518400","518400","518400"
"81","524800","524800","524800","524800","524800","524800"
"82","531200","531200","531200","531200","531200","531200"
"83","537600","537600","537600","537600","537600","537600"
"84","544000","544000","544000","544000","544000","544000"
"85","550400","550400","550400","550400","550400","550400"
"86","556800","556800","556800","556800","556800","556800"
"87","563200","563200","563200","563200","563200","563200"
"88","569600","569600","569600","569600","569600","569600"
"89","576000","576000","576000","576000","576000","576000"
"90","582400","582400","582400","582400","582400","582400"
"91","588800","588800","588800","588800","588800","588800"
"92","595200","595200","595200","595200","595200","595200"
"93","601600","601600","601600","601600","601600","601600"
"94","608000","608000","608000","608000","608000","608000"
"95","614400","614400","614400","614400","614400","614400"
"96","620800","620800","620800","620800","620800","620800"
"97","627200","627200","627200","627200","627200","627200"
"98","633600","633600","633600","633600","633600","633600"
"99","640000","640000","640000","640000","640000","640000"
"100","646400","646400","646400","646400","646400","646400"
"101","652800","652800","652800","652800","652800","652800"
"102","659200","659200","659200","659200","659200","659200"
"103","665600","665600","665600","665600","665600","665600"
"104","672000","672000","672000","672000","672000","672000"
"105","678400","678400","678400","678400","678400","678400"
"106","684800","684800","684800","684800","684800","684800"
"107","691200","691200","691200","691200","691200","691200"
"108","697600","697600","697600","697600","697600","697600"
"109","704000","704000","704000","704000","704000","704000"
"110","710400","710400","710400","710400","710400","710400"
"111","716800","716800","716800","716800","716800","716800"
"112","723200","723200","723200","723200","723200","723200"
"113","729600","729600","729600","729600","729600","729600"
"114","736000","736000","736000","736000","736000","736000"
"115","742400","742400","742400","742400","742400","742400"
"116","748800","748800","748800","748800","748800","748800"
"117","755200","755200","755200","755200","755200","755200"
"118","761600","761600","761600","761600","761600","761600"
"119","768000","768000","768000","768000","768000","768000"
"120","774400","774400","774400","774400","774400","774400"
"121","780800","780800","780800","780800","780800","780800"
"122","787200","787200","787200","787200","787200","787200"
"123","793600","793600","793600","793600","793600","793600"
"124","800000","800000","800000","800000","800000","800000"
"125","806400","806400","806400","806400","806400","806400"
"126","812800","812800","812800","812800","812800","812800"
"127","819200","819200","819200","819200","819200","819200"
"128","825600","825600","825600","825600","825600","825600"
"129","832000","832000","832000","832000","832000","832000"
"130","838400","838400","838400","838400","838400","838400"
"131","844800","844800","844800","844800","844800","844800"
"132","851200","851200","851200","851200","851200","851200"
"133","857600","857600","857600","857600","857600","857600"
"134","864000","864000","864000","864000","864000","864000"
"135","870400","870400","870400","870400","870400","870400"
"136","876800","876800","876800","876800","876800","876800"
"137","883200","883200","883200","883200","883200","883200"
"138","889600","889600","889600","889600","889600","889600"
"139","896000","896000","896000","896000","896000","896000"
"140","902400","902400","902400","902400","902400","902400"
"141","908800","908800","908800","908800","908800","908800"
"142","915200","915200","915200","915200","915200","915200"
"143","921600","921600","921600","921600","921600","921600"
"144","928000","928000","928000","928000","928000","928000"
"145","934400","934400","934400","934400","934400","934400"
"146","940800","940800","940800","940800","940800","940800"
"147","947200","947200","947200","947200","947200","947200"
"148","953600","953600","953600","953600","953600","953600"
"149","960000","960000","960000","960000","960000","960000"
"150","966400","966400","966400","966400","966400","966400"
"151","972800","972800","972800","972800","972800","972800"
"152","979200","979200","979200","979200","979200","979200"
"153","985600","985600","985600","985600","985600","985600"
"154","992000","992000","992000","992000","992000","992000"
"155","998400","998400","998400","998400","998400","998400"
"156","1004800","1004800","1004800","1004800","1004800","1004800"
"157","1011200","1011200","1011200","1011200","1011200","1011200"
"158","1017600","1017600","1017600","1017600","1017600","1017600"
"159","1024000","1024000","1024000","1024000","1024000","1024000"
"160","1030400","1030400","1030400","1030400","1030400","1030400"
"161","1036800","1036800","1036800","1036800","1036800","1036800"
"162","1043200","1043200","1043200","1043200","1043200","1043200"
"163","1049600","1049600","1049600","1049600","1049600","1049600"
"164","1056000","1056000","1056000","1056000","1056000","1056000"
"165","1062400","1062400","1062400","1062400","1062400","1062400"
"166","1068800","1068800","1068800","1068800","1068800","1068800"
"167","1075200","1075200","1075200","1075200","1075200","1075200"
"168","1081600","1081600","1081600","1081600","1081600","1081600"
"169","1088000","1088000","1088000","1088000","1088000","1088000"
"170","1094400","1094400","1094400","1094400","1094400","1094400"
"171","1100800","1100800","1100800","1100800","1100800","1100800"
"172","1107200","1107200","1107200","1107200","1107200","1107200"
"173","1113600","1113600","1113600","1113600","1113600","1113600"
"174","1120000","1120000","1120000","1120000","1120000","1120000"
"175","1126400","1126400","1126400","1126400","1126400","1126400"
"176","1132800","1132800","1132800","1132800","1132800","1132800"
"177","1139200","1139200","1139200","1139200","1139200","1139200"
"178","1145600","1145600","1145600","1145600","1145600","1145600"
"179","1152000","1152000","1152000","1152000","1152000","1152000"
"180","1158400","1158400","1158400","1158400","1158400","1158400"
"181","1164800","1164800","1164800","1164800","1164800","1164800"
"182","1171200","1171200","1171200","1171200","1171200","1171200"
"183","1177600","1177600","1177600","1177600","1177600","1177600"
"184","1184000","1184000","1184000","1184000","1184000","1184000"
"185","1190400","1190400","1190400","1190400","1190400","1190400"
"186","1196800","1196800","1196800","1196800","1196800","1196800"
"187","1203200","1203200","1203200","1203200","1203200","1203200"
"188","1209600","1209600","1209600","1209600","1209600","1209600"
"189","1216000","1216000","1216000","1216000","1216000","1216000"
"190","1222400","1222400","1222400","1222400","1222400","1222400"
"191","1228800","1228800","1228800","1228800","1228800","1228800"
"192","1235200","1235200","1235200","1235200","1235200","1235200"
"193","1241600","1241600","1241600","1241600","1241600","1241600"
"194","1248000","1248000","1248000","1248000","1248000","1248000"
"195","1254400","1254400","1254400","1254400","1254400","1254400"
"196","1260800","1260800","1260800","1260800","1260800","1260800"
"197","1267200","1267200","1267200","1267200","1267200","1267200"
"198","1273600","1273600","1273600","1273600","1273600","1273600"
"199","1280000","1280000","1280000","1280000","1280000","1280000"
"200","1286400","1286400","1286400","1286400","1286400","1286400"
"201","1292800","1292800","1292800","1292800","1292800","1292800"
"202","1299200","1299200","1299200","1299200","1299200","1299200"
"203","1305600","1305600","1305600","1305600","1305600","1305600"
"204","1312000","1312000","1312000","1312000","1312000","1312000"
"205","1318400","1318400","1318400","1318400","1318400","1318400"
"206","1324800","1324800","1324800","1324800","1324800","1324800"
"207","1331200","1331200","1331200","1331200","1331200","1331200"
"208","1337600","1337600","1337600","1337600","1337600","1337600"
"209","1344000","1344000","1344000","1344000","1344000","1344000"
"210","1350400","1350400","1350400","1350400","1350400","1350400"
"211","1356800","1356800","1356800","1356800","1356800","1356800"
"212","1363200","1363200","1363200","1363200","1363200","1363200"
"213","1369600","1369600","1369600","1369600","1369600","1369600"
"214","1376000","1376000","1376000","1376000","1376000","1376000"
"215","1382400","1382400","1382400","1382400","1382400","1382400"
"216","1388800","1388800","1388800","1388800","1388800","1388800"
"217","1395200","1395200","1395200","1395200","1395200","1395200"
"218","1401600","1401600","1401600","1401600","1401600","1401600"
"219","1408000","1408000","1408000","1408000","1408000","1408000"
"220","1414400","1414400","1414400","1414400","1414400","1414400"
"221","1420800","1420800","1420800","1420800","1420800","1420800"
"222","1427200","1427200","1427200","1427200","1427200","1427200"
"223","1433600","1433600","1433600","1433600","1433600","1433600"
"224","1440000","1440000","1440000","1440000","1440000","1440000"
"225","1446400","1446400","1446400","1446400","1446400","1446400"
"226","1452800","1452800","1452800","1452800","1452800","1452800"
"227","1459200","1459200","1459200","1459200","1459200","1459200"
"228","1465600","1465600","1465600","1465600","1465600","1465600"
"229","1472000","1472000","1472000","1472000","1472000","1472000"
"230","1478400","1478400","1478400","1478400","1478400","1478400"
"231","1484800","1484800","1484800","1484800","1484800","1484800"
"232","1491200","1491200","1491200","1491200","1491200","1491200"
"233","1497600","1497600","1497600","1497600","1497600","1497600"
"234","1504000","1504000","1504000","1504000","1504000","1504000"
"235","1510400","1510400","1510400","1510400","1510400","1510400"
"236","1516800","1516800","1516800","1516800","1516800","1516800"
"237","1523200","1523200","1523200","1523200","1523200","1523200"
"238","1529600","1529600","1529600","1529600","1529600","1529600"
"239","1536000","1536000","1536000","1536000","1536000","1536000"
"240","1542400","1542400","1542400","1542400","1542400","1542400"
"241","1548800","1548800","1548800","1548800","1548800","1548800"
"242","1555200","1555200","1555200","1555200","1555200","1555200"
"243","1561600","1561600","1561600","1561600","1561600","1561600"
"244","1568000","1568000","1568000","1568000","1568000","1568000"
"245","1574400","1574400","1574400","1574400","1574400","1574400"
"246","1580800","1580800","1580800","1580800","1580800","1580800"
"247","1587200","1587200","1587200","1587200","1587200","1587200"
"248","1593600","1593600","1593600","1593600","1593600","1593600"
"249","1600000","1600000","1600000","1600000","1600000","1600000"
"250","1606400","1606400","1606400","1606400","1606400","1606400"
"251","1612800","1612800","1612800","1612800","1612800","1612800"
"252","1619200","1619200","1619200","1619200","1619200","1619200"
"253","1625600","1625600","1625600","1625600","1625600","1625600"
"254","1632000","1632000","1632000","1632000","1632000","1632000"
"255","1638400","1638400","1638400","1638400","1638400","1638400"
"256","1644800","1644800","1644800","1644800","1644800","1644800"
"257","1651200","1651200","1651200","1651200","1651200","1651200"
"258","1657600","1657600","1657600","1657600","1657600","1657600"
"259","1664000","1664000","1664000","1664000","1664000","1664000"
"260","1670400","1670400","1670400","1670400","1670400","1670400"
"261","1676800","1676800","1676800","1676800","1676800","1676800"
"262","1683200","1683200","1683200","1683200","1683200","1683200"
"263","1689600","1689600","1689600","1689600","1689600","1689600"
"264","1696000","1696000","1696000","1696000","1696000","1696000"
"265","1702400","1702400","1702400","1702400","1702400","1702400"
"266","1708800","1708800","1708800","1708800","1708800","1708800"
"267","1715200","1715200","1715200","1715200","1715200","1715200"
"268","1721600","1721600","1721600","1721600","1721600","1721600"
"269","1728000","1728000","1728000","1728000","1728000","1728000"
"270","1734400","1734400","1734400","1734400","1734400","1734400"
"271","1740800","1740800","1740800","1740800","1740800","1740800"
"272","1747200","1747200","1747200","1747200","1747200","1747200"
"273","1753600","1753600","1753600","1753600","1753600","1753600"
"274","1760000","1760000","1760000","1760000","1760000","1760000"
"275","1766400","1766400","1766400","1766400","1766400","1766400"
"276","1772800","1772800","1772800","1772800","1772800","1772800"
"277","1779200","1779200","1779200","1779200","1779200","1779200"
"278","1785600","1785600","1785600","1785600","1785600","1785600"
"279","1792000","1792000","1792000","1792000","1792000","1792000"
"280","1798400","1798400","1798400","1798400","1798400","1798400"
"281","1804800","1804800","1804800","1804800","1804800","1804800"
"282","1811200","1811200","1811200","1811200","1811200","1811200"
"283","1817600","1817600","1817600","1817600","1817600","1817600"
"284","1824000","1824000","1824000","1824000","1824000","1824000"
"285","1830400","1830400","1830400","1830400","1830400","1830400"
"286","1836800","1836800","1836800","1836800","1836800","1836800"
"287","1843200","1843200","1843200","1843200","1843200","1843200"
"288","1849600","1849600","1849600","1849600","1849600","1849600"
"289","1856000","1856000","1856000","1856000","1856000","1856000"
"290","1862400","1862400","1862400","1862400","1862400","1862400"
"291","1868800","1868800","1868800","1868800","1868800","1868800"
"292","1875200","1875200","1875200","1875200","1875200","1875200"
"293","1881600","1881600","1881600","1881600","1881600","1881600"
"294","1888000","1888000","1888000","1888000","1888000","1888000"
"295","1894400","1894400","1894400","1894400","1894400","1894400"
"296","1900800","1900800","1900800","1900800","1900800","1900800"
"297","1907200","1907200","1907200","1907200","1907200","1907200"
"298","1913600","1913600","1913600","1913600","1913600","1913600"
"299","1920000","1920000","1920000","1920000","1920000","1920000"
"300","1926400","1926400","1926400","1926400","1926400","1926400"
"301","1932800","1932800","1932800","1932800","1932800","1932800"
"302","1939200","1939200","1939200","1939200","1939200","1939200"
"303","1945600","1945600","1945600","1945600","1945600","1945600"
"304","1952000","1952000","1952000","1952000","1952000","1952000"
"305","1958400","1958400","1958400","1958400","1958400","1958400"
"306","1964800","1964800","1964800","1964800","1964800","1964800"
"307","1971200","1971200","1971200","1971200","1971200","1971200"
"308","1977600","1977600","1977600","1977600","1977600","1977600"
"309","1984000","1984000","1984000","1984000","1984000","1984000"
"310","1990400","1990400","1990400","1990400","1990400","1990400"
"311","1996800","1996800","1996800","1996800","1996800","1996800"
"312","2003200","2003200","2003200","2003200","2003200","2003200"
"313","2009600","2009600","2009600","2009600","2009600","2009600"
"314","2016000","2016000","2016000","2016000","2016000","2016000"
"315","2022400","2022400","2022400","2022400","2022400","2022400"
"316","2028800","2028800","2028800","2028800","2028800","2028800"
"317","2035200","2035200","2035200","2035200","2035200","2035200"
"318","2041600","2041600","2041600","2041600","2041600","2041600"
"319","2048000","2048000","2048000","2048000","2048000","2048000"
"320","2054400","2054400","2054400","2054400","2054400","2054400"
"321","2060800","2060800","2060800","2060800","2060800","2060800"
"322","2067200","2067200","2067200","2067200","2067200","2067200"
"323","2073600","2073600","2073600","2073600","2073600","2073600"
"324","2080000","2080000","2080000","2080000","2080000","2080000"
"325","2086400","2086400","2086400","2086400","2086400","2086400"
"326","2092800","2092800","2092800","2092800","2092800","2092800"
"327","2099200","2099200","2099200","2099200","2099200","2099200"
"328","2105600","2105600","2105600","2105600","2105600","2105600"
"329","2112000","2112000","2112000","2112000","2112000","2112000"
"330","2118400","2118400","2118400","2118400","2118400","2118400"
"331","2124800","2124800","2124800","2124800","2124800","2124800"
"332","2131200","2131200","2131200","2131200","2131200","2131200"
"333","2137600","2137600","2137600","2137600","2137600","2137600"
"334","2144000","2144000","2144000","2144000","2144000","2144000"
"335","2150400","2150400","2150400","2150400","2150400","2150400"
"336","2156800","2156800","2156800","2156800","2156800","2156800"
"337","2163200","2163200","2163200","2163200","2163200","2163200"
"338","2169600","2169600","2169600","2169600","2169600","2169600"
"339","2176000","2176000","2176000","2176000","2176000","2176000"
"340","2182400","2182400","2182400","2182400","2182400","2182400"
"341","2188800","2188800","2188800","2188800","2188800","2188800"
"342","2195200","2195200","2195200","2195200","2195200","2195200"
"343","2201600","2201600","2201600","2201600","2201600","2201600"
"344","2208000","2208000","2208000","2208000","2208000","2208000"
"345","2214400","2214400","2214400","2214400","2214400","2214400"
"346","2220800","2220800","2220800","2220800","2220800","2220800"
"347","2227200","2227200","2227200","2227200","2227200","2227200"
"348","2233600","2233600","2233600","2233600","2233600","2233600"
"349","2240000","2240000","2240000","2240000","2240000","2240000"
"350","2246400","2246400","2246400","2246400","2246400","2246400"
"351","2252800","2252800","2252800","2252800","2252800","2252800"
"352","2259200","2259200","2259200","2259200","2259200","2259200"
"353","2265600","2265600","2265600","2265600","2265600","2265600"
"354","2272000","2272000","2272000","2272000","2272000","2272000"
"355","2278400","2278400","2278400","2278400","2278400","2278400"
"356","2284800","2284800","2284800","2284800","2284800","2284800"
"357","2291200","2291200","2291200","2291200","2291200","2291200"
"358","2297600","2297600","2297600","2297600","2297600","2297600"
"359","2304000","2304000","2304000","2304000","2304000","2304000"
"360","2310400","2310400","2310400","2310400","2310400","2310400"
"361","2316800","2316800","2316800","2316800","2316800","2316800"
"362","2323200","2323200","2323200","2323200","2323200","2323200"
"363","2329600","2329600","2329600","2329600","2329600","2329600"
"364","2336000","2336000","2336000","2336000","2336000","2336000"
"365","2342400","2342400","2342400","2342400","2342400","2342400"
"366","2348800","2348800","2348800","2348800","2348800","2348800"
"367","2355200","2355200","2355200","2355200","2355200","2355200"
"368","2361600","2361600","2361600","2361600","2361600","2361600"
"369","2368000","2368000","2368000","2368000","2368000","2368000"
"370","2374400","2374400","2374400","2374400","2374400","2374400"
"371","2380800","2380800","2380800","2380800","2380800","2380800"
"372","2387200","2387200","2387200","2387200","2387200","2387200"
"373","2393600","2393600","2393600","2393600","2393600","2393600"
"374","2400000","2400000","2400000","2400000","2400000","2400000"
"375","2406400","2406400","2406400","2406400","2406400","2406400"
"376","2412800","2412800","2412800","2412800","2412800","2412800"
"377","2419200","2419200","2419200","2419200","2419200","2419200"
"378","2425600","2425600","2425600","2425600","2425600","2425600"
"379","2432000","2432000","2432000","2432000","2432000","2432000"
"380","2438400","2438400","2438400","2438400","2438400","2438400"
"381","2444800","2444800","2444800","2444800","2444800","2444800"
"382","2451200","2451200","2451200","2451200","2451200","2451200"
"383","2457600","2457600","2457600","2457600","2457600","2457600"
"384","2464000","2464000","2464000","2464000","2464000","2464000"
"385","2470400","2470400","2470400","2470400","2470400","2470400"
"386","2476800","2476800","2476800","2476800","2476800","2476800"
"387","2483200","2483200","2483200","2483200","2483200","2483200"
"388","2489600","2489600","2489600","2489600","2489600","2489600"
"389","2496000","2496000","2496000","2496000","2496000","2496000"
"390","2502400","2502400","2502400","2502400","2502400","2502400"
"391","2508800","2508800","2508800","2508800","2508800","2508800"
"392","2515200","2515200","2515200","2515200","2515200","2515200"
"393","2521600","2521600","2521600","2521600","2521600","2521600"
"394","2528000","2528000","2528000","2528000","2528000","2528000"
"395","2534400","2534400","2534400","2534400","2534400","2534400"
"396","2540800","2540800","2540800","2540800","2540800","2540800"
"397","2547200","2547200","2547200","2547200","2547200","2547200"
"398","2553600","2553600","2553600","2553600","2553600","2553600"
"399","2560000","2560000","2560000","2560000","2560000","2560000"
"400","2566400","2566400","2566400","2566400","2566400","2566400"
"401","2572800","2572800","2572800","2572800","2572800","2572800"
"402","2579200","2579200","2579200","2579200","2579200","2579200"
"403","2585600","2585600","2585600","2585600","2585600","2585600"
"404","2592000","2592000","2592000","2592000","2592000","2592000"
"405","2598400","2598400","2598400","2598400","2598400","2598400"
"406","2604800","2604800","2604800","2604800","2604800","2604800"
"407","2611200","2611200","2611200","2611200","2611200","2611200"
"408","2617600","2617600","2617600","2617600","2617600","2617600"
"409","2624000","2624000","2624000","2624000","2624000","2624000"
"410","2630400","2630400","2630400","2630400","2630400","2630400"
"411","2636800","2636800","2636800","2636800","2636800","2636800"
"412","2643200","2643200","2643200","2643200","2643200","2643200"
"413","2649600","2649600","2649600","2649600","2649600","2649600"
"414","2656000","2656000","2656000","2656000","2656000","2656000"
"415","2662400","2662400","2662400","2662400","2662400","2662400"
"416","2668800","2668800","2668800","2668800","2668800","2668800"
"417","2675200","2675200","2675200","2675200","2675200","2675200"
"418","2681600","2681600","2681600","2681600","2681600","2681600"
"419","2688000","2688000","2688000","2688000","2688000","2688000"
"420","2694400","2694400","2694400","2694400","2694400","2694400"
"421","2700800","2700800","2700800","2700800","2700800","2700800"
"422","2707200","2707200","2707200","2707200","2707200","2707200"
"423","2713600","2713600","2713600","2713600","2713600","2713600"
"424","2720000","2720000","2720000","2720000","2720000","2720000"
"425","2726400","2726400","2726400","2726400","2726400","2726400"
"426","2732800","2732800","2732800","2732800","2732800","2732800"
"427","2739200","2739200","2739200","2739200","2739200","2739200"
"428","2745600","2745600","2745600","2745600","2745600","2745600"
"429","2752000","2752000","2752000","2752000","2752000","2752000"
"430","2758400","2758400","2758400","2758400","2758400","2758400"
"431","2764800","2764800","2764800","2764800","2764800","2764800"
"432","2771200","2771200","2771200","2771200","2771200","2771200"
"433","2777600","2777600","2777600","2777600","2777600","2777600"
"434","2784000","2784000","2784000","2784000","2784000","2784000"
"435","2790400","2790400","2790400","2790400","2790400","2790400"
"436","2796800","2796800","2796800","2796800","2796800","2796800"
"437","2803200","2803200","2803200","2803200","2803200","2803200"
"438","2809600","2809600","2809600","2809600","2809600","2809600"
"439","2816000","2816000","2816000","2816000","2816000","2816000"
"440","2822400","2822400","2822400","2822400","2822400","2822400"
"441","2828800","2828800","2828800","2828800","2828800","2828800"
"442","2835200","2835200","2835200","2835200","2835200","2835200"
"443","2841600","2841600","2841600","2841600","2841600","2841600"
"444","2848000","2848000","2848000","2848000","2848000","2848000"
"445","2854400","2854400","2854400","2854400","2854400","2854400"
"446","2860800","2860800","2860800","2860800","2860800","2860800"
"447","2867200","2867200","2867200","2867200","2867200","2867200"
"448","2873600","2873600","2873600","2873600","2873600","2873600"
"449","2880000","2880000","2880000","2880000","2880000","2880000"
"450","2886400","2886400","2886400","2886400","2886400","2886400"
"451","2892800","2892800","2892800","2892800","2892800","2892800"
"452","2899200","2899200","2899200","2899200","2899200","2899200"
"453","2905600","2905600","2905600","2905600","2905600","2905600"
"454","2912000","2912000","2912000","2912000","2912000","2912000"
"455","2918400","2918400","2918400","2918400","2918400","2918400"
"456","2924800","2924800","2924800","2924800","2924800","2924800"
"457","2931200","2931200","2931200","2931200","2931200","2931200"
"458","2937600","2937600","2937600","2937600","2937600","2937600"
"459","2944000","2944000","2944000","2944000","2944000","2944000"
"460","2950400","2950400","2950400","2950400","2950400","2950400"
"461","2956800","2956800","2956800","2956800","2956800","2956800"
"462","2963200","2963200","2963200","2963200","2963200","2963200"
"463","2969600","2969600","2969600","2969600","2969600","2969600"
"464","2976000","2976000","2976000","2976000","2976000","2976000"
"465","2982400","2982400","2982400","2982400","2982400","2982400"
"466","2988800","2988800","2988800","2988800","2988800","2988800"
"467","2995200","2995200","2995200","2995200","2995200","2995200"